{"meta/shuffle": false}
{"meta/batch_size": 128}
{"meta/max_batches": 700}
{"meta/restore_epoch": -1}
{"meta/drop_percents": [0.0, 0.05, 0.1, 0.15000000000000002, 0.2, 0.25, 0.30000000000000004, 0.35000000000000003, 0.4, 0.45, 0.5, 0.55, 0.6000000000000001]}
{"validated_losses_SORTEDBY_dataset_white_CASIA_facecar_na/dataset_white_CASIA_facecar_na/12": [1.1605871438980102, 1.8427476066809434, 2.990457817224356, 4.3067714581122765, 5.394747411287748, 6.540361008277306, 6.7968361341036285, 6.7968361341036285, 6.7968361341036285, 6.7968361341036285, 6.7968361341036285, 6.7968361341036285, 6.7968361341036285]}
{"validated_accuracies_SORTEDBY_dataset_white_CASIA_facecar_na/dataset_white_CASIA_facecar_na/12": [0.7767835550181379, 0.6538089480048368, 0.5037484885126965, 0.3735187424425635, 0.27412333736396616, 0.18996372430471584, 0.17243047158403868, 0.17243047158403868, 0.17243047158403868, 0.17243047158403868, 0.17243047158403868, 0.17243047158403868, 0.17243047158403868]}
{"meta/drop_percents": [0.0, 0.05, 0.1, 0.15000000000000002, 0.2, 0.25, 0.30000000000000004, 0.35000000000000003, 0.4, 0.45, 0.5, 0.55, 0.6000000000000001]}
{"validated_losses_SORTEDBY_dataset_white_CASIA_facecar_na/data_AFD_matched/12": [2.0373309245476356, 2.354000418002789, 2.9000780215630164, 3.5492715725531947, 4.188946236096895, 4.980145304019635, 5.099973168739906, 5.099973168739906, 5.099973168739906, 5.099973168739906, 5.099973168739906, 5.099973168739906, 5.099973168739906]}
{"validated_accuracies_SORTEDBY_dataset_white_CASIA_facecar_na/data_AFD_matched/12": [0.6834340991535671, 0.6243047158403869, 0.5400241837968561, 0.45259975816203146, 0.356590084643289, 0.27315598548972186, 0.2596130592503023, 0.2596130592503023, 0.2596130592503023, 0.2596130592503023, 0.2596130592503023, 0.2596130592503023, 0.2596130592503023]}
{"meta/drop_percents": [0.0, 0.05, 0.1, 0.15000000000000002, 0.2, 0.25, 0.30000000000000004, 0.35000000000000003, 0.4, 0.45, 0.5, 0.55, 0.6000000000000001]}
{"validated_losses_SORTEDBY_data_AFD_matched/data_AFD_matched/12": [2.0373309245476356, 2.784328502875108, 3.8219034671783447, 4.875599699753981, 5.9131711152883675, 7.039722574674166, 7.354786814176119, 7.354786814176119, 7.354786814176119, 7.354786814176119, 7.354786814176119, 7.354786814176119, 7.354786814176119]}
{"validated_accuracies_SORTEDBY_data_AFD_matched/data_AFD_matched/12": [0.6834340991535671, 0.5605804111245466, 0.43494558645707376, 0.3290205562273277, 0.25199516324062876, 0.17968561064087063, 0.1603385731559855, 0.1603385731559855, 0.1603385731559855, 0.1603385731559855, 0.1603385731559855, 0.1603385731559855, 0.1603385731559855]}
{"meta/drop_percents": [0.0, 0.05, 0.1, 0.15000000000000002, 0.2, 0.25, 0.30000000000000004, 0.35000000000000003, 0.4, 0.45, 0.5, 0.55, 0.6000000000000001]}
{"validated_losses_SORTEDBY_data_AFD_matched/dataset_white_CASIA_facecar_na/12": [1.1744342648066006, 1.6676070139958308, 2.4642774967046885, 3.1999474488771877, 3.863812806056096, 4.568544402489295, 4.744424372452956, 4.744424372452956, 4.744424372452956, 4.744424372452956, 4.744424372452956, 4.744424372452956, 4.744424372452956]}
{"validated_accuracies_SORTEDBY_data_AFD_matched/dataset_white_CASIA_facecar_na/12": [0.7707376058041112, 0.6800483675937122, 0.5625151148730351, 0.4662636033857316, 0.3939540507859734, 0.3154776299879081, 0.29903264812575575, 0.29903264812575575, 0.29903264812575575, 0.29903264812575575, 0.29903264812575575, 0.29903264812575575, 0.29903264812575575]}
